LINK,PRD
2024-1,N
2024-2,P1
2024-3,P1
2024-4,P1
2024-5,P1
2024-6,P2
2024-7,P2
2024-8,P2
2024-9,P2
2024-10,P3
2024-11,P3
2024-12,P3
2024-13,P3
2024-14,P3
2024-15,P4
2024-16,P4
2024-17,P4
2024-18,P4
2024-19,P5
2024-20,P5
2024-21,P5
2024-22,P5
2024-23,P6
2024-24,P6
2024-25,P6
2024-26,P6
2024-27,P6
2024-28,P7
2024-29,P7
2024-30,P7
2024-31,P7
2024-32,P8
2024-33,P8
2024-34,P8
2024-35,P8
2024-36,P9
2024-37,P9
2024-38,P9
2024-39,P9
2024-40,P9
2024-41,P10
2024-42,P10
2024-43,P10
2024-44,P10
2024-45,P11
2024-46,P11
2024-47,P11
2024-48,P11
2024-49,P12
2024-50,P12
2024-51,P12
2024-52,P12
2024-53,P12
2025-1,P1
2025-2,P1
2025-3,P1
2025-4,P1
2025-5,P2
2025-6,P2
2025-7,P2
2025-8,P2
2025-9,P3
2025-10,P3
2025-11,P3
2025-12,P3
2025-13,P3
2025-14,P4
2025-15,P4
2025-16,P4
2025-17,P4
2025-18,P5
2025-19,P5
2025-20,P5
2025-21,P5
2025-22,P6
2025-23,P6
2025-24,P6
2025-25,P6
2025-26,P6
2025-27,P7
2025-28,P7
2025-29,P7
2025-30,P7
2025-31,P8
2025-32,P8
2025-33,P8
2025-34,P8
2025-35,P9
2025-36,P9
2025-37,P9
2025-38,P9
2025-39,P9
2025-40,P10
2025-41,P10
2025-42,P10
2025-43,P10
2025-44,P11
2025-45,P11
2025-46,P11
2025-47,P11
2025-48,P12
2025-49,P12
2025-50,P12
2025-51,P12
2025-52,P12
